{
  "qps": 332.979507421863,
  "total_queries": 1000,
  "duration_secs": 3.003187817,
  "avg_latency_ms": 11.907060687999998,
  "p50_latency_ms": 11.8747655,
  "p95_latency_ms": 15.00718745,
  "p99_latency_ms": 19.08345766,
  "recall": 0.9979999999999996,
  "recall_threshold": 0.95,
  "recall_passed": true,
  "concurrency": 4,
  "comparison": {
    "previous_qps": 427.0316967317366,
    "qps_change_pct": -22.02,
    "previous_recall": 0.9970999999999997,
    "recall_change_pct": 0.09
  }
}