{
  "qps": 349.5118624673187,
  "total_queries": 10000,
  "duration_secs": 28.611332186,
  "avg_latency_ms": 11.34860346130004,
  "p50_latency_ms": 11.1937655,
  "p95_latency_ms": 13.93088675,
  "p99_latency_ms": 18.49715543,
  "recall": 0.996659999999995,
  "recall_threshold": 0.95,
  "recall_passed": true,
  "concurrency": 4,
  "comparison": {
    "previous_qps": 360.1830149401145,
    "qps_change_pct": -2.96,
    "previous_recall": 0.9968999999999996,
    "recall_change_pct": -0.02
  }
}