{
  "qps": 343.6086093094257,
  "total_queries": 1000,
  "duration_secs": 2.910287964,
  "avg_latency_ms": 11.520244365000012,
  "p50_latency_ms": 11.0456795,
  "p95_latency_ms": 15.67856195,
  "p99_latency_ms": 19.4762133,
  "recall": 0.9966999999999994,
  "recall_threshold": 0.95,
  "recall_passed": true,
  "concurrency": 4,
  "comparison": {
    "previous_qps": 59.01518164461929,
    "qps_change_pct": 482.24,
    "previous_recall": 0.9993999999999998,
    "recall_change_pct": -0.27
  }
}