{
  "qps": 59.01518164461929,
  "total_queries": 1000,
  "duration_secs": 16.944792376,
  "avg_latency_ms": 67.57265794699995,
  "p50_latency_ms": 53.618277500000005,
  "p95_latency_ms": 104.7239096,
  "p99_latency_ms": 106.40428125,
  "recall": 0.9993999999999998,
  "recall_threshold": 0.95,
  "recall_passed": true,
  "concurrency": 4,
  "comparison": {
    "previous_qps": 45.900831673529154,
    "qps_change_pct": 28.57,
    "previous_recall": 0.9994,
    "recall_change_pct": -0.0
  }
}