{
  "qps": 427.0316967317366,
  "total_queries": 1000,
  "duration_secs": 2.341746544,
  "avg_latency_ms": 9.258969446999991,
  "p50_latency_ms": 8.810786499999999,
  "p95_latency_ms": 12.18483965,
  "p99_latency_ms": 15.11567694,
  "recall": 0.9970999999999997,
  "recall_threshold": 0.95,
  "recall_passed": true,
  "concurrency": 4,
  "comparison": {
    "previous_qps": 343.6086093094257,
    "qps_change_pct": 24.28,
    "previous_recall": 0.9966999999999994,
    "recall_change_pct": 0.04
  }
}