{
  "qps": 45.900831673529154,
  "total_queries": 1000,
  "duration_secs": 21.786097627,
  "avg_latency_ms": 86.92635349100006,
  "p50_latency_ms": 67.1623155,
  "p95_latency_ms": 130.18210515,
  "p99_latency_ms": 131.42397061999998,
  "recall": 0.9994,
  "recall_threshold": 0.95,
  "recall_passed": true,
  "concurrency": 4,
  "comparison": {
    "previous_qps": 27.28938306536014,
    "qps_change_pct": 68.2,
    "previous_recall": 0.9993999999999998,
    "recall_change_pct": 0.0
  }
}