{
  "qps": 51.53650449809805,
  "total_queries": 1000,
  "duration_secs": 19.403721881,
  "avg_latency_ms": 77.42971272500004,
  "p50_latency_ms": 89.60258300000001,
  "p95_latency_ms": 116.20819045,
  "p99_latency_ms": 142.23667218999998,
  "recall": 0.9987999999999996,
  "recall_threshold": 0.95,
  "recall_passed": true,
  "concurrency": 4,
  "comparison": {
    "previous_qps": 26.992573666604404,
    "qps_change_pct": 90.93,
    "previous_recall": 0.9993999999999998,
    "recall_change_pct": -0.06
  }
}