{
  "qps": 26.992573666604404,
  "total_queries": 1000,
  "duration_secs": 37.047226854,
  "avg_latency_ms": 147.8705076189998,
  "p50_latency_ms": 143.9674475,
  "p95_latency_ms": 203.12099625,
  "p99_latency_ms": 242.42565391,
  "recall": 0.9993999999999998,
  "recall_threshold": 0.95,
  "recall_passed": true,
  "concurrency": 4,
  "comparison": {
    "previous_qps": 15.772333634651082,
    "qps_change_pct": 71.14,
    "previous_recall": 0.9993999999999998,
    "recall_change_pct": 0.0
  }
}