{
  "qps": 817.0597934202397,
  "total_queries": 1000,
  "duration_secs": 1.223900635,
  "avg_latency_ms": 4.798224786999994,
  "p50_latency_ms": 5.294453,
  "p95_latency_ms": 7.29759605,
  "p99_latency_ms": 9.226655819999998,
  "recall": 0.9838999999999984,
  "recall_threshold": 0.95,
  "recall_passed": true,
  "concurrency": 4,
  "comparison": {
    "previous_qps": 51.53650449809805,
    "qps_change_pct": 1485.4,
    "previous_recall": 0.9987999999999996,
    "recall_change_pct": -1.49
  }
}